version,n,run,seconds
process,1,1,0.002261
goroutine,1,1,0.000017
process,1,2,0.002116
goroutine,1,2,0.000012
process,1,3,0.002212
goroutine,1,3,0.000013
process,1,4,0.002324
goroutine,1,4,0.000013
process,1,5,0.002620
goroutine,1,5,0.000013
process,1,6,0.002330
goroutine,1,6,0.000015
process,1,7,0.002109
goroutine,1,7,0.000012
process,1,8,0.002271
goroutine,1,8,0.000015
process,1,9,0.002552
goroutine,1,9,0.000013
process,1,10,0.002220
goroutine,1,10,0.000043
process,1000,1,0.007827
goroutine,1000,1,0.000244
process,1000,2,0.006638
goroutine,1000,2,0.000213
process,1000,3,0.007331
goroutine,1000,3,0.000226
process,1000,4,0.008397
goroutine,1000,4,0.000234
process,1000,5,0.007292
goroutine,1000,5,0.000215
process,1000,6,0.007260
goroutine,1000,6,0.000240
process,1000,7,0.008174
goroutine,1000,7,0.000228
process,1000,8,0.007296
goroutine,1000,8,0.000238
process,1000,9,0.007326
goroutine,1000,9,0.000231
process,1000,10,0.006574
goroutine,1000,10,0.000219
process,10000,1,0.085225
goroutine,10000,1,0.002169
process,10000,2,0.053453
goroutine,10000,2,0.002130
process,10000,3,0.052854
goroutine,10000,3,0.002137
process,10000,4,0.062225
goroutine,10000,4,0.002155
process,10000,5,0.062902
goroutine,10000,5,0.002184
process,10000,6,0.053725
goroutine,10000,6,0.002165
process,10000,7,0.050897
goroutine,10000,7,0.002155
process,10000,8,0.064090
goroutine,10000,8,0.001956
process,10000,9,0.057447
goroutine,10000,9,0.002197
process,10000,10,0.053294
goroutine,10000,10,0.002209
process,100000,1,0.562767
goroutine,100000,1,0.021159
process,100000,2,0.617000
goroutine,100000,2,0.021267
process,100000,3,0.626754
goroutine,100000,3,0.020664
process,100000,4,0.514949
goroutine,100000,4,0.020528
process,100000,5,0.610224
goroutine,100000,5,0.020911
process,100000,6,0.510188
goroutine,100000,6,0.021238
process,100000,7,0.628606
goroutine,100000,7,0.020793
process,100000,8,0.511056
goroutine,100000,8,0.020680
process,100000,9,0.510740
goroutine,100000,9,0.020717
process,100000,10,0.509151
goroutine,100000,10,0.021320
